Home Game #,Game Date,Year,Month,Day of Week,Weekend / Weekday,Game Time,Day/Night,Full Season Tickets (#),Full Season Revenue ($),Full Season Avg Price ($),Partial Season Tickets (#),Partial Season Revenue ($),Partial Season Avg Price ($),Group Tickets (#),Group Revenue ($),Group Avg Price ($),Single Game Tickets (#),Single Game Revenue ($),Single Game Avg Price ($),No-Show Rate,Total Tickets (#),Actual Attendance (#),Total Revenue ($),Average Ticket Price ($),Is First Month
1,2021-04-01,2021,April,Thursday,Weekday,13:10:00,Day Game,9361,417794.04,44.63,5132,191572.9,37.33,5279,247218.97,46.83,16916,1013906.6,59.94,0.142,36688,31478,1870492.51,50.98,True
2,2021-04-02,2021,April,Friday,Weekend,19:10:00,Night Game,9374,415278.62,44.3,4201,114894.65,27.35,1922,49845.39,25.93,9023,272800.32,30.23,0.1752,24520,20224,852818.98,34.78,True
3,2021-04-03,2021,April,Saturday,Weekend,18:10:00,Night Game,9398,414149.54,44.07,4998,143615.64,28.73,4120,125700.19,30.51,10411,373733.78,35.9,0.1643,28927,24174,1057199.15,36.55,True
4,2021-04-04,2021,April,Sunday,Weekend,13:10:00,Day Game,9374,415431.58,44.32,4729,161003.2,34.05,2309,69639.69,30.16,12149,411154.96,33.84,0.1609,28561,23966,1057229.43,37.02,True
5,2021-04-09,2021,April,Friday,Weekend,19:10:00,Night Game,9376,416211.65,44.39,3446,111596.46,32.38,6806,206055.89,30.28,10282,408009.37,39.68,0.157,29910,25214,1141873.37,38.18,True
6,2021-04-10,2021,April,Saturday,Weekend,18:10:00,Night Game,9427,418657.54,44.41,4038,148050.04,36.66,12395,531841.59,42.91,11146,681695.95,61.16,0.1468,37006,31574,1780245.12,48.11,True
7,2021-04-11,2021,April,Sunday,Weekend,13:10:00,Day Game,9394,416023.93,44.29,3684,127718.2,34.67,8496,302107.47,35.56,13462,593008.86,44.05,0.1449,35036,29959,1438858.46,41.07,True
8,2021-04-19,2021,April,Monday,Weekday,18:40:00,Night Game,8787,391407.91,44.54,2475,59167.55,23.91,1407,23292.0,16.55,9874,67615.34,6.85,0.167,22543,18778,541482.8,24.02,True
9,2021-04-20,2021,April,Tuesday,Weekday,18:40:00,Night Game,8665,387781.49,44.75,3348,87875.4,26.25,1260,30497.36,24.2,9755,68962.55,7.07,0.1686,23028,19145,575116.8,24.97,True
10,2021-04-21,2021,April,Wednesday,Weekday,12:40:00,Day Game,8608,385209.06,44.75,2228,49983.07,22.43,7724,130694.99,16.92,7177,199092.11,27.74,0.1616,25737,21578,764979.23,29.72,True
11,2021-04-22,2021,April,Thursday,Weekday,19:10:00,Night Game,9141,405682.78,44.38,3156,84440.83,26.76,3253,53140.15,16.34,10229,101836.56,9.96,0.1633,25779,21569,645100.32,25.02,True
12,2021-04-23,2021,April,Friday,Weekend,19:10:00,Night Game,9367,414622.31,44.26,3213,78351.27,24.39,3383,60605.84,17.91,15713,348573.02,22.18,0.1445,31676,27099,902152.44,28.48,True
13,2021-04-24,2021,April,Saturday,Weekend,18:10:00,Night Game,9478,419416.75,44.25,5316,188270.76,35.42,5893,135501.17,22.99,12031,363972.95,30.25,0.1558,32718,27621,1107161.63,33.84,True
14,2021-04-25,2021,April,Sunday,Weekend,13:10:00,Day Game,9224,406988.46,44.12,4288,118425.2,27.62,1857,43016.35,23.16,10749,328902.16,30.6,0.1665,26118,21769,897332.17,34.36,True
15,2021-05-03,2021,May,Monday,Weekday,18:40:00,Night Game,8509,379168.73,44.56,2073,42466.57,20.49,1374,30434.64,22.15,8487,68391.27,8.06,0.1726,20443,16915,520461.21,25.46,False
16,2021-05-04,2021,May,Tuesday,Weekday,18:40:00,Night Game,8428,375717.51,44.58,2767,69539.01,25.13,1603,26300.26,16.41,7938,59669.66,7.52,0.1755,20736,17097,531226.44,25.62,False
17,2021-05-05,2021,May,Wednesday,Weekday,18:40:00,Night Game,8502,377273.48,44.37,3289,87515.23,26.61,1864,34692.49,18.61,8902,70377.96,7.91,0.1702,22557,18718,569859.16,25.26,False
18,2021-05-06,2021,May,Thursday,Weekday,12:10:00,Day Game,8360,370827.12,44.36,2173,45975.55,21.16,1723,62840.6,36.47,6305,111024.36,17.61,0.1848,18561,15131,590667.63,31.82,False
19,2021-05-07,2021,May,Friday,Weekend,19:10:00,Night Game,9451,415619.3,43.98,3802,100624.79,26.47,5305,106226.88,20.02,7951,199441.7,25.08,0.1706,26509,21987,821912.67,31.01,False
20,2021-05-08,2021,May,Saturday,Weekend,18:10:00,Night Game,9656,426177.36,44.14,4332,150063.48,34.64,6552,185939.56,28.38,12581,427855.79,34.01,0.1524,33121,28073,1190036.19,35.93,False
21,2021-05-09,2021,May,Sunday,Weekend,13:10:00,Day Game,9357,414537.49,44.3,4242,146182.7,34.46,6647,192418.66,28.95,9797,334959.94,34.19,0.1601,30043,25233,1088098.79,36.22,False
22,2021-05-10,2021,May,Monday,Weekday,18:40:00,Night Game,8609,384516.59,44.66,3115,81135.35,26.05,1493,25639.44,17.17,10116,51038.99,5.05,0.1655,23333,19471,542330.37,23.24,False
23,2021-05-11,2021,May,Tuesday,Weekday,18:40:00,Night Game,8723,390086.93,44.72,3346,87478.19,26.14,1688,37266.06,22.08,10390,63040.96,6.07,0.1646,24147,20172,577872.14,23.93,False
24,2021-05-12,2021,May,Wednesday,Weekday,12:10:00,Day Game,8449,377299.9,44.66,2232,48467.23,21.71,10212,174513.34,17.09,5262,129797.98,24.67,0.1631,26155,21889,730078.45,27.91,False
25,2021-05-25,2021,May,Tuesday,Weekday,18:40:00,Night Game,9064,402932.37,44.45,2950,72856.41,24.7,1264,38059.89,30.11,18133,107526.93,5.93,0.1382,31411,27070,621375.6,19.78,False
26,2021-05-26,2021,May,Wednesday,Weekday,12:10:00,Day Game,8996,400106.88,44.48,2315,52347.55,22.61,9276,185914.67,20.04,9295,199362.58,21.45,0.1524,29882,25328,837731.68,28.03,False
27,2021-05-28,2021,May,Friday,Weekend,19:10:00,Night Game,9591,421606.79,43.96,4891,137250.34,28.06,4886,53795.72,11.01,11226,255576.86,22.77,0.1603,30594,25690,868229.71,28.38,False
28,2021-05-29,2021,May,Saturday,Weekend,15:10:00,Day Game,9341,415523.35,44.48,5037,151173.5,30.01,5584,140529.55,25.17,14804,539442.37,36.44,0.1469,34766,29659,1246668.77,35.86,False
29,2021-05-30,2021,May,Sunday,Weekend,13:10:00,Day Game,9335,413465.41,44.29,4399,151086.7,34.35,9930,148997.09,15.0,13097,404128.84,30.86,0.1449,36761,31434,1117678.04,30.4,False
30,2021-06-08,2021,June,Tuesday,Weekday,18:40:00,Night Game,9126,405471.43,44.43,2303,51069.24,22.18,4007,63075.64,15.74,4646,97152.95,20.91,0.1908,20082,16250,616769.26,30.71,False
31,2021-06-09,2021,June,Wednesday,Weekday,18:40:00,Night Game,9178,406978.73,44.34,3000,78508.51,26.17,3575,65200.21,18.24,4781,93529.03,19.56,0.1924,20534,16583,644216.48,31.37,False
32,2021-06-10,2021,June,Thursday,Weekday,13:10:00,Day Game,8921,395532.13,44.34,2288,51363.07,22.45,4536,132304.6,29.17,6023,169280.2,28.11,0.1786,21768,17880,748480.0,34.38,False
33,2021-06-11,2021,June,Friday,Weekend,19:10:00,Night Game,9333,414081.4,44.37,4124,113789.32,27.59,4282,106143.22,24.79,6985,206557.63,29.57,0.1781,24724,20321,840571.57,34.0,False
34,2021-06-12,2021,June,Saturday,Weekend,15:10:00,Day Game,9329,413646.18,44.34,4578,158001.57,34.51,8489,246411.44,29.03,10493,389415.55,37.11,0.1547,32889,27801,1207474.74,36.71,False
35,2021-06-13,2021,June,Sunday,Weekend,13:10:00,Day Game,9399,416748.38,44.34,4342,151422.54,34.87,5665,184419.55,32.55,17236,707552.63,41.05,0.1396,36642,31527,1460143.1,39.85,False
36,2021-06-24,2021,June,Thursday,Weekday,19:10:00,Night Game,9216,409421.84,44.43,2707,68522.59,25.31,3801,78129.66,20.56,4060,126694.62,31.21,0.1966,19784,15894,682768.71,34.51,False
37,2021-06-25,2021,June,Friday,Weekend,19:10:00,Night Game,9474,417066.81,44.02,4460,118146.3,26.49,7745,163359.4,21.09,9776,236625.46,24.2,0.1589,31455,26457,935197.97,29.73,False
38,2021-06-26,2021,June,Saturday,Weekend,15:10:00,Day Game,9333,414171.79,44.38,4025,145327.58,36.11,11867,365399.86,30.79,12103,445547.45,36.81,0.1446,37328,31930,1370446.68,36.71,False
39,2021-06-27,2021,June,Sunday,Weekend,13:10:00,Day Game,9349,414911.53,44.38,4547,154627.2,34.01,5674,165849.14,29.23,13784,446266.97,32.38,0.149,33354,28384,1181654.84,35.43,False
40,2021-06-29,2021,June,Tuesday,Weekday,19:10:00,Night Game,9304,413864.48,44.48,2653,64654.58,24.37,8584,169935.08,19.8,2854,96651.4,33.87,0.1848,23395,19072,745105.54,31.85,False
41,2021-06-30,2021,June,Wednesday,Weekday,19:10:00,Night Game,9339,415893.22,44.53,3330,91335.07,27.43,2242,70004.59,31.22,6370,114554.82,17.98,0.1884,21281,17272,691787.7,32.51,False
42,2021-07-01,2021,July,Thursday,Weekday,13:10:00,Day Game,9233,409812.57,44.39,2120,42327.55,19.97,8381,211169.32,25.2,10569,280641.09,26.55,0.1505,30303,25742,943950.53,31.15,False
43,2021-07-02,2021,July,Friday,Weekend,19:10:00,Night Game,9995,441710.64,44.19,3743,97278.59,25.99,7433,181997.95,24.49,5554,191289.82,34.44,0.1784,26725,21957,912277.0,34.14,False
44,2021-07-03,2021,July,Saturday,Weekend,19:15:00,Night Game,9326,413290.21,44.32,3689,132595.52,35.94,5626,242904.27,43.18,8376,320127.06,38.22,0.1842,21565,17593,1108917.06,51.42,False
45,2021-07-04,2021,July,Sunday,Weekend,13:10:00,Day Game,9382,414798.9,44.21,4522,156820.2,34.68,4820,159840.72,33.16,14644,567227.07,38.73,0.1478,33368,28436,1298686.89,38.92,False
46,2021-07-16,2021,July,Friday,Weekend,19:10:00,Night Game,9447,416161.59,44.05,5108,146482.58,28.68,9205,178049.56,19.34,9241,204580.72,22.14,0.1587,33001,27764,945274.45,28.64,False
47,2021-07-17,2021,July,Saturday,Weekend,18:15:00,Night Game,9349,414861.47,44.37,5220,181352.26,34.74,9255,289022.82,31.23,10438,412486.82,39.52,0.1546,34262,28965,1297723.37,37.88,False
48,2021-07-18,2021,July,Sunday,Weekend,13:10:00,Day Game,9374,416251.97,44.4,4845,170406.2,35.17,7772,233424.68,30.03,13476,538121.75,39.93,0.1475,35467,30236,1358204.6,38.29,False
49,2021-07-19,2021,July,Monday,Weekday,19:10:00,Night Game,9391,415432.97,44.24,2865,73575.4,25.68,3504,50820.0,14.5,7733,154262.07,19.95,0.1757,23493,19365,694090.44,29.54,False
50,2021-07-20,2021,July,Tuesday,Weekday,19:10:00,Night Game,9398,417233.67,44.4,3242,89431.28,27.59,2584,60965.58,23.59,6821,163972.53,24.04,0.1845,22045,17978,731603.06,33.19,False
51,2021-07-21,2021,July,Wednesday,Weekday,13:10:00,Day Game,9245,409453.82,44.29,2498,59817.31,23.95,7151,179294.7,25.07,12025,283775.43,23.6,0.1484,30919,26331,932341.26,30.15,False
52,2021-07-26,2021,July,Monday,Weekday,19:10:00,Night Game,9217,409923.81,44.47,2713,69214.27,25.51,2475,45255.84,18.29,6081,134015.03,22.04,0.1884,20486,16626,658408.95,32.14,False
53,2021-07-27,2021,July,Tuesday,Weekday,19:10:00,Night Game,9379,417504.81,44.51,3633,98999.85,27.25,3051,74797.91,24.52,8623,150851.17,17.49,0.1732,24686,20410,742153.74,30.06,False
54,2021-07-28,2021,July,Wednesday,Weekday,13:10:00,Day Game,9203,407653.12,44.3,2395,55436.35,23.15,8845,200528.69,22.67,10500,277889.21,26.47,0.1503,30943,26292,941507.37,30.43,False
55,2021-07-30,2021,July,Friday,Weekend,19:10:00,Night Game,9357,416090.68,44.47,3170,110546.39,34.87,10016,479946.3,47.92,11995,760620.25,63.41,0.146,34538,29495,1767203.62,51.17,False
56,2021-07-31,2021,July,Saturday,Weekend,18:10:00,Night Game,9363,417253.13,44.56,4626,169339.32,36.61,10775,564881.31,52.43,12431,811421.91,65.27,0.1461,37195,31761,1962895.67,52.77,False
57,2021-08-01,2021,August,Sunday,Weekend,13:10:00,Day Game,9424,417951.16,44.35,4655,164584.7,35.36,10341,529529.55,51.21,12451,824447.92,66.22,0.1469,36871,31455,1936513.33,52.52,False
58,2021-08-13,2021,August,Friday,Weekend,19:10:00,Night Game,9319,412257.07,44.24,5181,147760.17,28.52,3610,104911.56,29.06,8593,298781.46,34.77,0.1731,26703,22081,963710.26,36.09,False
59,2021-08-14,2021,August,Saturday,Weekend,18:10:00,Night Game,9357,415238.3,44.38,4814,173099.56,35.96,8199,263617.8,32.15,12078,457034.98,37.84,0.1508,34448,29253,1308990.64,38.0,False
60,2021-08-15,2021,August,Sunday,Weekend,13:10:00,Day Game,9653,425611.43,44.09,4642,161282.2,34.74,7925,270547.06,34.14,15052,616015.05,40.93,0.1441,37272,31901,1473455.74,39.53,False
61,2021-08-17,2021,August,Tuesday,Weekday,19:10:00,Night Game,9645,430405.87,44.62,3754,112940.69,30.09,3736,90757.47,24.29,15642,291405.69,18.63,0.1464,32777,27978,925509.72,28.24,False
62,2021-08-18,2021,August,Wednesday,Weekday,13:10:00,Day Game,9391,417076.54,44.41,2629,64915.87,24.69,7960,192223.56,24.15,14645,326497.62,22.29,0.1407,34625,29753,1000713.59,28.9,False
63,2021-08-27,2021,August,Friday,Weekend,19:10:00,Night Game,9664,422021.16,43.67,4841,143136.88,29.57,8429,144037.48,17.09,11376,240101.43,21.11,0.1539,34310,29030,949296.95,27.67,False
64,2021-08-28,2021,August,Saturday,Weekend,18:10:00,Night Game,9349,414961.59,44.39,4539,166626.46,36.71,8671,296455.14,34.19,10684,411915.88,38.55,0.1538,33243,28130,1289959.07,38.8,False
65,2021-08-29,2021,August,Sunday,Weekend,13:10:00,Day Game,9392,415223.0,44.21,5380,177304.7,32.96,4882,161835.04,33.15,11597,448693.04,38.69,0.1588,31251,26288,1203055.78,38.5,False
66,2021-08-30,2021,August,Monday,Weekday,18:05:00,Night Game,9738,435547.94,44.73,2676,69649.02,26.03,2152,29818.56,13.86,6275,143572.56,22.88,0.1912,20841,16856,678588.08,32.56,False
67,2021-08-31,2021,August,Tuesday,Weekday,18:40:00,Night Game,9521,425147.0,44.65,3473,94751.25,27.28,2967,57589.8,19.41,11463,163691.04,14.28,0.1612,27424,23003,741179.09,27.03,False
68,2021-09-01,2021,September,Wednesday,Weekday,13:10:00,Day Game,9433,421672.14,44.7,2562,64353.76,25.12,5215,137460.28,26.36,10582,257887.83,24.37,0.1581,27792,23398,881374.01,31.71,False
69,2021-09-06,2021,September,Monday,Weekday,15:10:00,Day Game,9913,436671.47,44.05,2393,84404.2,35.27,5498,110809.44,20.15,13382,245599.65,18.35,0.1498,31186,26514,877484.76,28.14,False
70,2021-09-07,2021,September,Tuesday,Weekday,18:40:00,Night Game,9396,416003.07,44.27,3670,106047.87,28.9,684,17117.16,25.03,7271,85556.4,11.77,0.1896,21021,17035,624724.5,29.72,False
71,2021-09-09,2021,September,Thursday,Weekday,18:10:00,Night Game,9327,413721.26,44.36,3226,89355.55,27.7,3076,115975.29,37.7,7141,259211.52,36.3,0.1804,22770,18662,878263.62,38.57,False
72,2021-09-10,2021,September,Friday,Weekend,19:10:00,Night Game,9656,427578.99,44.28,4111,139980.26,34.05,5957,239892.16,40.27,7212,358331.54,49.69,0.1736,26936,22260,1165782.95,43.28,False
73,2021-09-11,2021,September,Saturday,Weekend,18:10:00,Night Game,9648,427111.78,44.27,4100,152686.44,37.24,12447,543569.25,43.67,10649,660231.67,62.0,0.149,36844,31354,1783599.14,48.41,False
74,2021-09-12,2021,September,Sunday,Weekend,13:10:00,Day Game,9696,428613.52,44.21,4128,147083.2,35.63,11792,402578.62,34.14,10122,462827.6,45.72,0.1517,35738,30317,1441102.94,40.32,False
75,2021-09-20,2021,September,Monday,Weekday,18:40:00,Night Game,9261,412126.36,44.5,2834,75900.02,26.78,3319,62984.64,18.98,8141,74106.22,9.1,0.1734,23555,19471,625117.24,26.54,False
76,2021-09-21,2021,September,Tuesday,Weekday,18:40:00,Night Game,9225,411155.79,44.57,3912,114678.93,29.31,1111,38126.4,34.32,13292,94204.97,7.09,0.1571,27540,23213,658166.09,23.9,False
77,2021-09-22,2021,September,Wednesday,Weekday,18:40:00,Night Game,9241,412752.08,44.67,4174,125100.19,29.97,1145,31264.04,27.3,14835,97971.32,6.6,0.1518,29395,24933,667087.63,22.69,False
78,2021-09-23,2021,September,Thursday,Weekday,15:10:00,Day Game,9204,409776.41,44.52,3095,84434.59,27.28,2012,61193.77,30.41,9942,160759.34,16.17,0.1682,24253,20174,716164.11,29.53,False
79,2021-09-24,2021,September,Friday,Weekend,19:10:00,Night Game,9788,428146.31,43.74,3759,136611.76,36.34,3728,71377.94,19.15,18087,268627.79,14.85,0.1404,35362,30397,904763.8,25.59,False
80,2021-09-25,2021,September,Saturday,Weekend,18:10:00,Night Game,9408,416214.43,44.24,5157,187731.93,36.4,10768,233647.68,21.7,8929,302160.67,33.84,0.1569,34262,28886,1139754.71,33.27,False
81,2021-09-26,2021,September,Sunday,Weekend,13:10:00,Day Game,9396,416190.79,44.29,5124,171135.2,33.4,6010,141384.29,23.52,14363,372217.64,25.92,0.148,34893,29729,1100927.92,31.55,False
1,2022-04-18,2022,April,Monday,Weekday,19:10:00,Night Game,9520,405194.0,42.56,5251,225250.0,42.9,5244,274358.0,52.32,17350,1191406.0,68.67,0.1418,37365,32067,2096208.0,56.1,True
2,2022-04-19,2022,April,Tuesday,Weekday,19:10:00,Night Game,8747,420861.0,48.11,3308,91628.0,27.7,2439,55896.0,22.92,7703,108825.0,14.13,0.1764,22197,18281,677210.0,30.51,True
3,2022-04-20,2022,April,Wednesday,Weekday,17:40:00,Night Game,8991,398471.0,44.32,3140,93362.0,29.73,2563,53749.0,20.97,8106,105917.0,13.07,0.1749,22800,18812,651499.0,28.57,True
4,2022-04-22,2022,April,Friday,Weekend,19:10:00,Night Game,9035,439200.0,48.61,4769,165180.0,34.64,7340,237312.0,32.33,11293,419585.0,37.15,0.153,32437,27474,1261277.0,38.88,True
5,2022-04-23,2022,April,Saturday,Weekend,15:10:00,Day Game,8728,411644.0,47.16,4564,175384.0,38.43,6948,246740.0,35.51,10714,420474.0,39.25,0.1538,30954,26193,1254242.0,40.52,True
6,2022-04-24,2022,April,Sunday,Weekend,13:10:00,Day Game,9079,442251.0,48.71,4376,160835.0,36.75,7223,255354.0,35.35,11218,426165.0,37.99,0.1531,31896,27013,1284605.0,40.27,True
7,2022-05-02,2022,May,Monday,Weekday,19:10:00,Night Game,8581,411495.0,47.95,3235,96963.0,29.97,2385,56973.0,23.89,7999,115101.0,14.39,0.1739,22200,18339,680532.0,30.65,False
8,2022-05-03,2022,May,Tuesday,Weekday,19:10:00,Night Game,9093,399246.0,43.91,3153,94245.0,29.89,2407,53165.0,22.09,7834,106140.0,13.55,0.1775,22487,18496,652796.0,29.03,False
9,2022-05-04,2022,May,Wednesday,Weekday,13:10:00,Day Game,8488,397764.0,46.86,2365,63670.0,26.92,6481,153455.0,23.68,8035,180056.0,22.41,0.1604,25369,21300,794945.0,31.34,False
10,2022-05-05,2022,May,Thursday,Weekday,19:10:00,Night Game,9272,399247.0,43.06,3356,96575.0,28.78,2448,55224.0,22.56,8154,107680.0,13.21,0.1767,23230,19125,658726.0,28.36,False
11,2022-05-06,2022,May,Friday,Weekend,19:10:00,Night Game,9462,422849.0,44.69,4514,160656.0,35.59,7328,245176.0,33.46,10594,427311.0,40.34,0.1569,31898,26893,1255992.0,39.38,False
12,2022-05-07,2022,May,Saturday,Weekend,15:05:00,Day Game,9213,411909.0,44.71,4346,159474.0,36.69,6988,238262.0,34.1,11002,448806.0,40.79,0.1547,31549,26668,1258451.0,39.89,False
13,2022-05-08,2022,May,Sunday,Weekend,13:10:00,Day Game,9549,423142.0,44.31,4730,166552.0,35.21,6976,235446.0,33.75,10525,415625.0,39.49,0.1584,31780,26746,1240765.0,39.04,False
14,2022-05-19,2022,May,Thursday,Weekday,19:10:00,Night Game,9150,433813.0,47.41,3225,95299.0,29.55,2462,53159.0,21.59,8044,111461.0,13.86,0.1765,22881,18843,693732.0,30.32,False
15,2022-05-20,2022,May,Friday,Weekend,19:10:00,Night Game,9292,427740.0,46.03,4483,164102.0,36.61,7246,247053.0,34.1,10789,430174.0,39.87,0.1556,31810,26860,1269069.0,39.9,False
16,2022-05-21,2022,May,Saturday,Weekend,18:10:00,Night Game,8927,432636.0,48.46,4433,168773.0,38.07,7074,256302.0,36.23,10658,437772.0,41.07,0.1545,31092,26288,1295483.0,41.67,False
17,2022-05-22,2022,May,Sunday,Weekend,13:10:00,Day Game,9265,421348.0,45.48,4509,173000.0,38.37,6889,248614.0,36.09,10733,441799.0,41.16,0.1563,31396,26489,1284761.0,40.92,False
18,2022-05-23,2022,May,Monday,Weekday,19:10:00,Night Game,8691,434187.0,49.96,3331,97539.0,29.28,2498,57012.0,22.82,8249,109435.0,13.27,0.1729,22769,18832,698173.0,30.66,False
19,2022-05-24,2022,May,Tuesday,Weekday,19:10:00,Night Game,8693,426538.0,49.07,3132,93772.0,29.94,2464,55324.0,22.45,7931,107152.0,13.51,0.1745,22220,18343,682786.0,30.73,False
20,2022-05-25,2022,May,Wednesday,Weekday,19:10:00,Night Game,8739,421180.0,48.2,3087,96343.0,31.21,2425,54497.0,22.47,7662,107953.0,14.09,0.1764,21913,18048,679973.0,31.03,False
21,2022-06-06,2022,June,Monday,Weekday,19:10:00,Night Game,8747,417154.0,47.69,3096,95063.0,30.71,2570,56864.0,22.13,7987,109862.0,13.76,0.1741,22400,18500,678943.0,30.31,False
22,2022-06-07,2022,June,Tuesday,Weekday,19:10:00,Night Game,9154,433829.0,47.39,3103,97988.0,31.58,2376,53259.0,22.42,7609,109791.0,14.43,0.1792,22242,18256,694867.0,31.24,False
23,2022-06-08,2022,June,Wednesday,Weekday,17:40:00,Night Game,9150,413019.0,45.14,3241,99378.0,30.66,2470,54638.0,22.12,8171,108091.0,13.23,0.1758,23032,18983,675126.0,29.31,False
24,2022-06-10,2022,June,Friday,Weekend,19:10:00,Night Game,9536,416818.0,43.71,4657,164130.0,35.24,6695,255683.0,38.19,10541,448841.0,42.58,0.1587,31429,26441,1285472.0,40.9,False
25,2022-06-11,2022,June,Saturday,Weekend,15:10:00,Day Game,9295,405932.0,43.67,4556,168842.0,37.06,6888,253479.0,36.8,11117,423895.0,38.13,0.1552,31856,26912,1252148.0,39.31,False
26,2022-06-12,2022,June,Sunday,Weekend,13:10:00,Day Game,9376,433886.0,46.28,4390,161914.0,36.88,7071,238220.0,33.69,11344,431905.0,38.07,0.1543,32181,27215,1265925.0,39.34,False
27,2022-06-17,2022,June,Friday,Weekend,19:10:00,Night Game,9613,439677.0,45.74,4649,171659.0,36.92,6960,245887.0,35.33,11117,447031.0,40.21,0.1566,32339,27275,1304254.0,40.33,False
28,2022-06-18,2022,June,Saturday,Weekend,15:10:00,Day Game,9142,443252.0,48.49,4362,166699.0,38.22,6738,244365.0,36.27,10613,451988.0,42.59,0.1562,30855,26035,1306304.0,42.34,False
29,2022-06-19,2022,June,Sunday,Weekend,18:08:00,Night Game,8712,407303.0,46.75,4625,167655.0,36.25,6876,256061.0,37.24,10453,440200.0,42.11,0.1549,30666,25916,1271219.0,41.45,False
30,2022-06-21,2022,June,Tuesday,Weekday,19:10:00,Night Game,8711,414974.0,47.64,3109,92815.0,29.85,2374,52806.0,22.24,7677,111724.0,14.55,0.1763,21871,18015,672319.0,30.74,False
31,2022-06-22,2022,June,Wednesday,Weekday,13:10:00,Day Game,9032,400971.0,44.39,2566,67641.0,26.36,6494,153979.0,23.71,7353,176656.0,24.03,0.1666,25445,21206,799247.0,31.41,False
32,2022-06-30,2022,June,Thursday,Weekday,17:10:00,Night Game,8849,428240.0,48.39,3044,97216.0,31.94,2578,52686.0,20.44,7579,114309.0,15.08,0.1769,22050,18149,692451.0,31.4,False
33,2022-07-01,2022,July,Friday,Weekend,19:10:00,Night Game,9599,438369.0,45.67,4652,159689.0,34.33,7294,254578.0,34.9,10409,437526.0,42.03,0.1584,31954,26892,1290162.0,40.38,False
34,2022-07-02,2022,July,Saturday,Weekend,15:10:00,Day Game,9558,422527.0,44.21,4638,170333.0,36.73,7250,250493.0,34.55,10384,449837.0,43.32,0.1583,31830,26791,1293190.0,40.63,False
35,2022-07-03,2022,July,Sunday,Weekend,13:10:00,Day Game,9599,429817.0,44.78,4566,161561.0,35.38,6821,253912.0,37.23,11382,430371.0,37.81,0.1558,32368,27325,1275661.0,39.41,False
36,2022-07-04,2022,July,Monday,Weekday,15:10:00,Day Game,8474,429008.0,50.63,2386,69635.0,29.18,6498,156009.0,24.01,7917,186634.0,23.57,0.1608,25275,21211,841286.0,33.29,False
37,2022-07-05,2022,July,Tuesday,Weekday,19:10:00,Night Game,8784,406316.0,46.26,3171,99318.0,31.32,2505,53006.0,21.16,8099,106623.0,13.16,0.174,22559,18634,665263.0,29.49,False
38,2022-07-06,2022,July,Wednesday,Weekday,19:10:00,Night Game,8991,431154.0,47.95,3152,95960.0,30.44,2538,53990.0,21.27,7530,105544.0,14.02,0.1782,22211,18253,686648.0,30.91,False
39,2022-07-07,2022,July,Thursday,Weekday,13:10:00,Day Game,8724,419463.0,48.08,2457,69659.0,28.35,6752,157956.0,23.39,7488,192738.0,25.74,0.1636,25421,21262,839816.0,33.04,False
40,2022-07-15,2022,July,Friday,Weekend,19:10:00,Night Game,9084,441095.0,48.56,4441,161308.0,36.32,7076,243722.0,34.44,11137,433677.0,38.94,0.1537,31738,26860,1279802.0,40.32,False
41,2022-07-16,2022,July,Saturday,Weekend,15:10:00,Day Game,9252,410832.0,44.4,4357,167377.0,38.42,7220,255231.0,35.35,10636,430186.0,40.45,0.1558,31465,26563,1263626.0,40.16,False
42,2022-07-17,2022,July,Sunday,Weekend,13:10:00,Day Game,8854,405950.0,45.85,4534,168922.0,37.26,7040,253685.0,36.03,10467,422186.0,40.33,0.1551,30895,26103,1250743.0,40.48,False
43,2022-07-20,2022,July,Wednesday,Weekday,17:40:00,Night Game,8497,402863.0,47.41,3198,96962.0,30.32,2508,57196.0,22.81,8092,106620.0,13.18,0.1724,22295,18451,663641.0,29.77,False
44,2022-07-21,2022,July,Thursday,Weekday,12:10:00,Day Game,8838,394719.0,44.66,2455,69184.0,28.18,6262,150823.0,24.09,7703,182870.0,23.74,0.1645,25258,21103,797596.0,31.58,False
45,2022-07-28,2022,July,Thursday,Weekday,19:10:00,Night Game,8852,406612.0,45.93,3220,99183.0,30.8,2439,57375.0,23.52,7787,106922.0,13.73,0.1764,22298,18365,670092.0,30.05,False
46,2022-07-29,2022,July,Friday,Weekend,19:10:00,Night Game,9133,426806.0,46.73,4338,165502.0,38.15,7185,243146.0,33.84,10838,429376.0,39.62,0.1546,31494,26625,1264830.0,40.16,False
47,2022-07-30,2022,July,Saturday,Weekend,18:10:00,Night Game,9296,425687.0,45.79,4753,162030.0,34.09,7151,244773.0,34.23,11101,442557.0,39.87,0.1551,32301,27291,1275047.0,39.47,False
48,2022-07-31,2022,July,Sunday,Weekend,13:10:00,Day Game,9552,444280.0,46.51,4372,162524.0,37.17,7053,242808.0,34.43,10544,418102.0,39.65,0.1578,31521,26547,1267714.0,40.22,False
49,2022-08-01,2022,August,Monday,Weekday,19:10:00,Night Game,9160,397057.0,43.35,3052,92036.0,30.16,2401,54080.0,22.52,7590,108679.0,14.32,0.1792,22203,18224,651852.0,29.36,False
50,2022-08-02,2022,August,Tuesday,Weekday,19:10:00,Night Game,8870,408633.0,46.07,3236,93005.0,28.74,2380,55077.0,23.14,7747,104598.0,13.5,0.1769,22233,18300,661313.0,29.74,False
51,2022-08-03,2022,August,Wednesday,Weekday,13:10:00,Day Game,8805,430846.0,48.93,2538,64697.0,25.49,6437,157156.0,24.41,7418,183251.0,24.7,0.1652,25198,21035,835950.0,33.18,False
52,2022-08-09,2022,August,Tuesday,Weekday,19:10:00,Night Game,8523,410871.0,48.21,3280,99428.0,30.31,2584,57717.0,22.34,7908,114090.0,14.43,0.1734,22295,18429,682106.0,30.59,False
53,2022-08-10,2022,August,Wednesday,Weekday,19:10:00,Night Game,8843,405227.0,45.82,3258,95513.0,29.32,2521,53294.0,21.14,7983,112617.0,14.11,0.175,22605,18649,666651.0,29.49,False
54,2022-08-11,2022,August,Thursday,Weekday,13:10:00,Day Game,9014,422194.0,46.84,2564,69399.0,27.07,6289,159999.0,25.44,7633,185487.0,24.3,0.1658,25500,21272,837079.0,32.83,False
55,2022-08-12,2022,August,Friday,Weekend,19:10:00,Night Game,9084,441335.0,48.58,4731,163564.0,34.57,6773,235578.0,34.78,11062,424644.0,38.39,0.1549,31650,26747,1265121.0,39.97,False
56,2022-08-13,2022,August,Saturday,Weekend,18:10:00,Night Game,9508,425974.0,44.8,4383,173234.0,39.52,6749,247604.0,36.69,11296,444252.0,39.33,0.1556,31936,26967,1291064.0,40.43,False
57,2022-08-14,2022,August,Sunday,Weekend,13:10:00,Day Game,9531,404986.0,42.49,4771,161345.0,33.82,6942,248920.0,35.86,11418,432930.0,37.92,0.1555,32662,27583,1248181.0,38.22,False
58,2022-08-23,2022,August,Tuesday,Weekday,19:10:00,Night Game,9056,433942.0,47.92,3122,96786.0,31.0,2511,53852.0,21.45,7723,114427.0,14.82,0.1775,22412,18434,699007.0,31.19,False
59,2022-08-24,2022,August,Wednesday,Weekday,19:10:00,Night Game,8733,402506.0,46.09,3039,92993.0,30.6,2384,55595.0,23.32,7556,108152.0,14.31,0.177,21712,17869,659246.0,30.36,False
60,2022-08-25,2022,August,Thursday,Weekday,19:10:00,Night Game,9066,405663.0,44.75,3138,93412.0,29.77,2444,54439.0,22.27,7829,111419.0,14.23,0.1772,22477,18494,664933.0,29.58,False
61,2022-08-26,2022,August,Friday,Weekend,19:10:00,Night Game,9052,445763.0,49.24,4732,159655.0,33.74,6754,255238.0,37.79,11440,423876.0,37.05,0.1535,31978,27069,1284532.0,40.17,False
62,2022-08-27,2022,August,Saturday,Weekend,18:10:00,Night Game,9089,418618.0,46.06,4711,164902.0,35.0,7249,243661.0,33.61,10710,420984.0,39.31,0.1552,31759,26830,1248165.0,39.3,False
63,2022-08-28,2022,August,Sunday,Weekend,13:10:00,Day Game,9431,440582.0,46.72,4358,173616.0,39.84,6686,243768.0,36.46,11294,426195.0,37.74,0.1553,31769,26835,1284161.0,40.42,False
64,2022-09-05,2022,September,Monday,Weekday,18:10:00,Night Game,8945,417473.0,46.67,3167,99525.0,31.43,2380,54756.0,23.01,8211,112028.0,13.64,0.1747,22703,18737,683782.0,30.12,False
65,2022-09-06,2022,September,Tuesday,Weekday,19:10:00,Night Game,8538,393471.0,46.08,3171,93686.0,29.54,2592,57285.0,22.1,7940,109215.0,13.76,0.1732,22241,18389,653657.0,29.39,False
66,2022-09-07,2022,September,Wednesday,Weekday,19:10:00,Night Game,9043,426340.0,47.15,3248,90713.0,27.93,2401,56739.0,23.63,7915,112695.0,14.24,0.1769,22607,18608,686487.0,30.37,False
67,2022-09-09,2022,September,Friday,Weekend,19:10:00,Night Game,9260,404483.0,43.68,4389,167578.0,38.18,7207,255495.0,35.45,11186,438372.0,39.19,0.154,32042,27108,1265928.0,39.51,False
68,2022-09-10,2022,September,Saturday,Weekend,18:15:00,Night Game,9205,416034.0,45.2,4517,164840.0,36.49,7287,242791.0,33.32,11283,453743.0,40.21,0.1535,32292,27335,1277408.0,39.56,False
69,2022-09-11,2022,September,Sunday,Weekend,13:10:00,Day Game,9174,418436.0,45.61,4536,165645.0,36.52,6996,245473.0,35.09,11360,439550.0,38.69,0.1537,32066,27137,1269104.0,39.58,False
70,2022-09-15,2022,September,Thursday,Weekday,18:20:00,Night Game,8575,396851.0,46.28,3231,95522.0,29.56,2417,53788.0,22.25,8121,107153.0,13.19,0.173,22344,18478,653314.0,29.24,False
71,2022-09-16,2022,September,Friday,Weekend,19:10:00,Night Game,8925,410190.0,45.96,4504,162764.0,36.14,6699,235215.0,35.11,10676,429978.0,40.28,0.1552,30804,26023,1238147.0,40.19,False
72,2022-09-17,2022,September,Saturday,Weekend,18:10:00,Night Game,8769,446236.0,50.89,4702,166021.0,35.31,6710,246555.0,36.74,11027,420223.0,38.11,0.1536,31208,26414,1279035.0,40.98,False
73,2022-09-18,2022,September,Sunday,Weekend,13:10:00,Day Game,9284,434755.0,46.83,4674,159506.0,34.13,6995,246144.0,35.19,11321,431727.0,38.14,0.1545,32274,27288,1272132.0,39.42,False
74,2022-09-27,2022,September,Tuesday,Weekday,19:10:00,Night Game,9196,434099.0,47.21,3116,92228.0,29.6,2532,54496.0,21.52,7563,110372.0,14.59,0.1791,22407,18394,691195.0,30.85,False
75,2022-09-28,2022,September,Wednesday,Weekday,19:10:00,Night Game,8999,421154.0,46.8,3238,90529.0,27.96,2512,56061.0,22.32,7501,112323.0,14.97,0.1786,22250,18276,680067.0,30.56,False
76,2022-09-30,2022,September,Friday,Weekend,19:10:00,Night Game,9584,406785.0,42.44,4352,163813.0,37.64,6771,245530.0,36.26,10609,431321.0,40.66,0.1582,31316,26362,1247449.0,39.83,False
77,2022-10-01,2022,October,Saturday,Weekend,18:20:00,Night Game,9450,430568.0,45.56,4583,161411.0,35.22,7169,244005.0,34.04,11095,423472.0,38.17,0.1555,32297,27275,1259456.0,39.0,False
78,2022-10-02,2022,October,Sunday,Weekend,13:10:00,Day Game,9252,408377.0,44.14,4700,160869.0,34.23,7171,247056.0,34.45,10671,416463.0,39.03,0.1562,31794,26828,1232765.0,38.77,False
79,2022-10-03,2022,October,Monday,Weekday,19:10:00,Night Game,8856,429089.0,48.45,3223,98836.0,30.67,2456,53458.0,21.77,7821,111885.0,14.31,0.1762,22356,18417,693268.0,31.01,False
80,2022-10-04,2022,October,Tuesday,Weekday,19:10:00,Night Game,8814,397752.0,45.13,3130,90661.0,28.97,2575,53469.0,20.76,7897,112438.0,14.24,0.175,22416,18493,654320.0,29.19,False
81,2022-10-05,2022,October,Wednesday,Weekday,15:10:00,Day Game,8943,392369.0,43.87,2529,66850.0,26.43,6430,159945.0,24.87,7524,176692.0,23.48,0.1655,25426,21218,795856.0,31.3,False
1,2023-03-30,2023,March,Thursday,Weekday,18:08:00,Night Game,9004,417657.0,46.39,5040,260966.0,51.78,5359,339470.0,63.35,17020,1516799.0,89.12,0.1399,36423,31327,2534892.0,69.6,True
2,2023-03-31,2023,March,Friday,Weekend,19:10:00,Night Game,8483,431739.0,50.89,4528,190288.0,42.02,7160,284042.0,39.67,10066,436335.0,43.35,0.1544,30237,25568,1342404.0,44.4,True
3,2023-04-01,2023,April,Saturday,Weekend,13:10:00,Day Game,8622,427772.0,49.61,4660,198126.0,42.52,7223,278286.0,38.53,10020,451347.0,45.04,0.1553,30525,25784,1355531.0,44.41,False
4,2023-04-02,2023,April,Sunday,Weekend,13:10:00,Day Game,8654,449961.0,51.99,4675,200375.0,42.86,6749,272562.0,40.39,10405,471487.0,45.31,0.155,30483,25758,1394385.0,45.74,False
5,2023-04-03,2023,April,Monday,Weekday,19:10:00,Night Game,8678,412056.0,47.48,3358,106848.0,31.82,2463,55945.0,22.71,6184,100947.0,16.32,0.1852,20683,16853,675796.0,32.67,False
6,2023-04-04,2023,April,Tuesday,Weekday,19:10:00,Night Game,8235,407162.0,49.44,3261,113041.0,34.66,2410,56947.0,23.63,6725,97887.0,14.56,0.1793,20631,16932,675037.0,32.72,False
7,2023-04-05,2023,April,Wednesday,Weekday,13:10:00,Day Game,8385,442640.0,52.79,2596,79513.0,30.63,6721,166703.0,24.8,5932,151676.0,25.57,0.1694,23634,19630,840532.0,35.56,False
8,2023-04-14,2023,April,Friday,Weekend,19:10:00,Night Game,8957,447971.0,50.01,4689,200759.0,42.81,6823,274813.0,40.28,10195,473091.0,46.4,0.1571,30664,25847,1396634.0,45.55,False
9,2023-04-15,2023,April,Saturday,Weekend,18:10:00,Night Game,8817,451888.0,51.25,4629,189332.0,40.9,7317,279869.0,38.25,9896,444048.0,44.87,0.1565,30659,25861,1365137.0,44.53,False
10,2023-04-16,2023,April,Sunday,Weekend,18:10:00,Night Game,8735,436822.0,50.01,4505,201599.0,44.75,7042,283137.0,40.21,10575,478175.0,45.22,0.1541,30857,26102,1399733.0,45.36,False
11,2023-04-17,2023,April,Monday,Weekday,19:10:00,Night Game,8170,436514.0,53.43,3269,107705.0,32.95,2369,56397.0,23.81,6387,95455.0,14.95,0.1813,20195,16534,696071.0,34.47,False
12,2023-04-18,2023,April,Tuesday,Weekday,19:10:00,Night Game,8864,434597.0,49.03,3342,111486.0,33.36,2325,56009.0,24.09,6652,95482.0,14.35,0.1838,21183,17290,697574.0,32.93,False
13,2023-04-19,2023,April,Wednesday,Weekday,19:10:00,Night Game,8161,438049.0,53.68,3257,105307.0,32.33,2477,52769.0,21.3,6196,96256.0,15.54,0.182,20091,16434,692381.0,34.46,False
14,2023-04-28,2023,April,Friday,Weekend,19:10:00,Night Game,8606,422820.0,49.13,4774,190548.0,39.91,6829,272431.0,39.89,10509,476333.0,45.33,0.1545,30718,25972,1362132.0,44.34,False
15,2023-04-29,2023,April,Saturday,Weekend,16:10:00,Day Game,8957,422174.0,47.13,4542,188884.0,41.59,7284,275435.0,37.81,10316,468319.0,45.4,0.1556,31099,26260,1354812.0,43.56,False
16,2023-04-30,2023,April,Sunday,Weekend,18:10:00,Night Game,9105,441367.0,48.48,4675,187316.0,40.07,6984,260264.0,37.27,10010,464301.0,46.38,0.1581,30774,25909,1353248.0,43.97,False
17,2023-05-01,2023,May,Monday,Weekday,19:10:00,Night Game,8273,445119.0,53.8,3414,113267.0,33.18,2345,53948.0,23.01,6442,95439.0,14.82,0.1818,20474,16752,707773.0,34.57,False
18,2023-05-02,2023,May,Tuesday,Weekday,19:10:00,Night Game,8452,423756.0,50.14,3132,108995.0,34.8,2318,56258.0,24.27,6340,97129.0,15.32,0.1833,20242,16532,686138.0,33.9,False
19,2023-05-03,2023,May,Wednesday,Weekday,13:10:00,Day Game,8797,417045.0,47.41,2622,73896.0,28.18,6578,162418.0,24.69,5930,159850.0,26.96,0.1721,23927,19809,813209.0,33.99,False
20,2023-05-15,2023,May,Monday,Weekday,19:10:00,Night Game,8401,428775.0,51.04,3152,113043.0,35.86,2313,53871.0,23.29,6767,98266.0,14.52,0.1803,20633,16913,693955.0,33.63,False
21,2023-05-16,2023,May,Tuesday,Weekday,19:10:00,Night Game,8547,415863.0,48.66,3378,110405.0,32.68,2488,55713.0,22.39,6472,98290.0,15.19,0.1825,20885,17073,680271.0,32.57,False
22,2023-05-17,2023,May,Wednesday,Weekday,19:10:00,Night Game,8374,417073.0,49.81,3215,104893.0,32.63,2486,56348.0,22.67,6295,100534.0,15.97,0.1826,20370,16650,678848.0,33.33,False
23,2023-05-19,2023,May,Friday,Weekend,19:10:00,Night Game,9109,450544.0,49.46,4673,193790.0,41.47,6915,279123.0,40.36,10357,443603.0,42.83,0.157,31054,26179,1367060.0,44.02,False
24,2023-05-20,2023,May,Saturday,Weekend,15:10:00,Day Game,8524,436549.0,51.21,4619,191633.0,41.49,6820,273623.0,40.12,10787,440974.0,40.88,0.1529,30750,26048,1342779.0,43.67,False
25,2023-05-21,2023,May,Sunday,Weekend,13:10:00,Day Game,8435,449524.0,53.29,4691,191013.0,40.72,7340,265800.0,36.21,10734,464340.0,43.26,0.1519,31200,26461,1370677.0,43.93,False
26,2023-05-29,2023,May,Monday,Weekday,15:10:00,Day Game,8191,426183.0,52.03,2581,75576.0,29.28,6418,176872.0,27.56,6161,155605.0,25.26,0.168,23351,19428,834236.0,35.73,False
27,2023-05-30,2023,May,Tuesday,Weekday,19:10:00,Night Game,8471,425830.0,50.27,3228,114764.0,35.55,2279,55193.0,24.22,6631,94583.0,14.26,0.1818,20609,16862,690370.0,33.5,False
28,2023-05-31,2023,May,Wednesday,Weekday,19:10:00,Night Game,8817,407191.0,46.18,3251,115122.0,35.41,2398,52767.0,22.0,6570,93799.0,14.28,0.1837,21036,17172,668879.0,31.8,False
29,2023-06-01,2023,June,Thursday,Weekday,19:10:00,Night Game,8514,414694.0,48.71,3299,112451.0,34.09,2404,53580.0,22.29,6601,95805.0,14.51,0.1818,20818,17033,676530.0,32.5,False
30,2023-06-02,2023,June,Friday,Weekend,19:10:00,Night Game,8546,450345.0,52.7,4786,202790.0,42.37,7108,263355.0,37.05,10028,456968.0,45.57,0.1553,30468,25736,1373458.0,45.08,False
31,2023-06-03,2023,June,Saturday,Weekend,15:10:00,Day Game,8884,437142.0,49.21,4639,187476.0,40.41,7436,282820.0,38.03,10845,451396.0,41.62,0.1534,31804,26925,1358834.0,42.73,False
32,2023-06-04,2023,June,Sunday,Weekend,13:10:00,Day Game,8847,450222.0,50.89,4672,184580.0,39.51,7118,266407.0,37.43,10426,439235.0,42.13,0.1552,31063,26242,1340444.0,43.15,False
33,2023-06-13,2023,June,Tuesday,Weekday,19:10:00,Night Game,8075,405500.0,50.22,3128,106276.0,33.98,2345,55477.0,23.66,6441,95847.0,14.88,0.1803,19989,16385,663100.0,33.17,False
34,2023-06-14,2023,June,Wednesday,Weekday,19:10:00,Night Game,8802,418207.0,47.51,3419,112079.0,32.78,2470,58090.0,23.52,6639,94370.0,14.21,0.183,21330,17427,682746.0,32.01,False
35,2023-06-15,2023,June,Thursday,Weekday,19:10:00,Night Game,8176,424893.0,51.97,3325,111622.0,33.57,2298,54958.0,23.92,6290,98195.0,15.61,0.1823,20089,16427,689668.0,34.33,False
36,2023-06-16,2023,June,Friday,Weekend,19:10:00,Night Game,8752,442941.0,50.61,4656,201941.0,43.37,7290,262998.0,36.08,10704,474989.0,44.37,0.1535,31402,26582,1382869.0,44.04,False
37,2023-06-17,2023,June,Saturday,Weekend,15:10:00,Day Game,9177,428367.0,46.68,4770,186930.0,39.19,6751,277619.0,41.12,10559,468725.0,44.39,0.1571,31257,26347,1361641.0,43.56,False
38,2023-06-18,2023,June,Sunday,Weekend,13:10:00,Day Game,9001,431206.0,47.91,4604,186025.0,40.41,7173,273158.0,38.08,10605,479697.0,45.23,0.1551,31383,26515,1370086.0,43.66,False
39,2023-06-19,2023,June,Monday,Weekday,19:10:00,Night Game,8730,430076.0,49.26,3455,112222.0,32.48,2387,56415.0,23.63,6544,93278.0,14.25,0.1836,21116,17239,691991.0,32.77,False
40,2023-06-20,2023,June,Tuesday,Weekday,19:10:00,Night Game,8342,415330.0,49.79,3254,105687.0,32.48,2281,55909.0,24.51,6655,94101.0,14.14,0.1809,20532,16818,671027.0,32.68,False
41,2023-06-21,2023,June,Wednesday,Weekday,13:10:00,Day Game,8819,408006.0,46.26,2624,76118.0,29.01,6208,170633.0,27.49,6001,147797.0,24.63,0.173,23652,19560,802554.0,33.93,False
42,2023-07-04,2023,July,Tuesday,Weekday,15:10:00,Day Game,8094,425858.0,52.61,2426,74882.0,30.87,6660,161944.0,24.32,5943,156247.0,26.29,0.1676,23123,19248,818931.0,35.42,False
43,2023-07-05,2023,July,Wednesday,Weekday,13:10:00,Day Game,8581,425793.0,49.62,2562,77961.0,30.43,6623,177272.0,26.77,5984,153153.0,25.59,0.1705,23750,19701,834179.0,35.12,False
44,2023-07-06,2023,July,Thursday,Weekday,19:10:00,Night Game,8455,430298.0,50.89,3201,104843.0,32.75,2299,53698.0,23.36,6192,91852.0,14.83,0.1845,20147,16430,680691.0,33.79,False
45,2023-07-07,2023,July,Friday,Weekend,19:10:00,Night Game,8511,441793.0,51.91,4786,197649.0,41.3,7379,274853.0,37.25,10702,453940.0,42.42,0.1524,31378,26596,1368235.0,43.6,False
46,2023-07-08,2023,July,Saturday,Weekend,18:15:00,Night Game,8786,438360.0,49.89,4595,188323.0,40.98,7375,287336.0,38.96,10660,467392.0,43.85,0.1536,31416,26591,1381411.0,43.97,False
47,2023-07-09,2023,July,Sunday,Weekend,13:10:00,Day Game,9121,448881.0,49.21,4504,192223.0,42.68,6997,267323.0,38.21,9973,453313.0,45.45,0.158,30595,25761,1361740.0,44.51,False
48,2023-07-24,2023,July,Monday,Weekday,19:10:00,Night Game,8253,443435.0,53.73,3150,105518.0,33.5,2387,55655.0,23.32,6136,96119.0,15.66,0.1832,19926,16276,700727.0,35.17,False
49,2023-07-25,2023,July,Tuesday,Weekday,19:10:00,Night Game,8779,425711.0,48.49,3182,112162.0,35.25,2343,57009.0,24.33,6738,93287.0,13.84,0.1826,21042,17200,688169.0,32.7,False
50,2023-07-26,2023,July,Wednesday,Weekday,19:10:00,Night Game,8594,421473.0,49.04,3318,115083.0,34.68,2286,53085.0,23.22,6203,97181.0,15.67,0.1853,20401,16621,686822.0,33.67,False
51,2023-07-28,2023,July,Friday,Weekend,19:10:00,Night Game,8451,443408.0,52.47,4862,190937.0,39.27,7172,262564.0,36.61,10872,475529.0,43.74,0.1521,31357,26588,1372438.0,43.77,False
52,2023-07-29,2023,July,Saturday,Weekend,18:15:00,Night Game,8575,456679.0,53.26,4564,199721.0,43.76,7258,285873.0,39.39,10671,451603.0,42.32,0.1527,31068,26324,1393876.0,44.87,False
53,2023-07-30,2023,July,Sunday,Weekend,13:10:00,Day Game,9124,432680.0,47.42,4683,201106.0,42.94,6902,272947.0,39.55,10780,473965.0,43.97,0.1557,31489,26586,1380698.0,43.85,False
54,2023-07-31,2023,July,Monday,Weekday,19:10:00,Night Game,8297,421261.0,50.77,3390,113661.0,33.53,2463,53991.0,21.92,6201,100722.0,16.24,0.183,20351,16627,689635.0,33.89,False
55,2023-08-01,2023,August,Tuesday,Weekday,19:10:00,Night Game,8392,414966.0,49.45,3379,113597.0,33.62,2364,53641.0,22.69,6700,96227.0,14.36,0.1807,20835,17070,678431.0,32.56,False
56,2023-08-02,2023,August,Wednesday,Weekday,13:10:00,Day Game,8366,411772.0,49.22,2477,78028.0,31.5,6234,164082.0,26.32,6000,153254.0,25.54,0.1702,23077,19149,807136.0,34.98,False
57,2023-08-11,2023,August,Friday,Weekend,19:10:00,Night Game,9221,436908.0,47.38,4635,192173.0,41.46,7007,267725.0,38.21,10275,440711.0,42.89,0.1576,31138,26231,1337517.0,42.95,False
58,2023-08-12,2023,August,Saturday,Weekend,18:15:00,Night Game,9048,420181.0,46.44,4546,188552.0,41.48,7265,279499.0,38.47,10211,466920.0,45.73,0.1564,31070,26211,1355152.0,43.62,False
59,2023-08-13,2023,August,Sunday,Weekend,13:10:00,Day Game,8663,433337.0,50.02,4767,193848.0,40.66,6866,279109.0,40.65,10243,447962.0,43.73,0.1556,30539,25787,1354256.0,44.35,False
60,2023-08-18,2023,August,Friday,Weekend,19:10:00,Night Game,9126,434294.0,47.59,4754,202989.0,42.7,6932,263296.0,37.98,10469,447205.0,42.72,0.1568,31281,26376,1347784.0,43.09,False
61,2023-08-19,2023,August,Saturday,Weekend,18:10:00,Night Game,9058,428664.0,47.32,4641,199729.0,43.04,7111,270899.0,38.1,10523,475311.0,45.17,0.1558,31333,26451,1374603.0,43.87,False
62,2023-08-20,2023,August,Sunday,Weekend,12:05:00,Day Game,8857,436103.0,49.24,4723,190339.0,40.3,6961,268693.0,38.6,10118,439448.0,43.43,0.1567,30659,25855,1334583.0,43.53,False
63,2023-08-21,2023,August,Monday,Weekday,19:10:00,Night Game,8347,410946.0,49.23,3176,106008.0,33.38,2469,56585.0,22.92,6394,95144.0,14.88,0.1818,20386,16680,668683.0,32.8,False
64,2023-08-22,2023,August,Tuesday,Weekday,19:10:00,Night Game,8234,436112.0,52.96,3246,112434.0,34.64,2308,55435.0,24.02,6147,96701.0,15.73,0.1835,19935,16277,700682.0,35.15,False
65,2023-08-23,2023,August,Wednesday,Weekday,19:10:00,Night Game,8484,426350.0,50.25,3423,108971.0,31.83,2317,55663.0,24.02,6194,99888.0,16.13,0.1847,20418,16647,690872.0,33.84,False
66,2023-08-24,2023,August,Thursday,Weekday,13:10:00,Day Game,8059,417685.0,51.83,2571,74241.0,28.88,6148,176085.0,28.64,6128,151417.0,24.71,0.1682,22906,19053,819428.0,35.77,False
67,2023-09-01,2023,September,Friday,Weekend,19:10:00,Night Game,9006,429028.0,47.64,4764,187180.0,39.29,7003,279341.0,39.89,10729,445970.0,41.57,0.1553,31502,26610,1341519.0,42.59,False
68,2023-09-02,2023,September,Saturday,Weekend,18:10:00,Night Game,8965,452288.0,50.45,4495,198150.0,44.08,7306,271793.0,37.2,9855,476019.0,48.3,0.1571,30621,25810,1398250.0,45.66,False
69,2023-09-03,2023,September,Sunday,Weekend,18:10:00,Night Game,8947,423850.0,47.37,4739,189570.0,40.0,7101,278104.0,39.16,10478,438997.0,41.9,0.1556,31265,26400,1330521.0,42.56,False
70,2023-09-08,2023,September,Friday,Weekend,19:10:00,Night Game,8681,438433.0,50.5,4929,199430.0,40.46,6813,275155.0,40.39,10215,457146.0,44.75,0.1561,30638,25855,1370164.0,44.72,False
71,2023-09-09,2023,September,Saturday,Weekend,18:10:00,Night Game,8976,457933.0,51.02,4624,202308.0,43.75,7227,281117.0,38.9,10708,474162.0,44.28,0.1546,31535,26660,1415520.0,44.89,False
72,2023-09-10,2023,September,Sunday,Weekend,13:10:00,Day Game,8592,417748.0,48.62,4790,201597.0,42.09,6749,267221.0,39.59,10219,463464.0,45.35,0.1556,30350,25628,1350030.0,44.48,False
73,2023-09-11,2023,September,Monday,Weekday,19:10:00,Night Game,8901,420851.0,47.28,3248,108561.0,33.42,2340,56804.0,24.28,6697,91660.0,13.69,0.1836,21186,17296,677876.0,32.0,False
74,2023-09-12,2023,September,Tuesday,Weekday,19:10:00,Night Game,8656,406590.0,46.97,3316,111549.0,33.64,2368,57964.0,24.48,6680,92314.0,13.82,0.1822,21020,17190,668417.0,31.8,False
75,2023-09-13,2023,September,Wednesday,Weekday,18:10:00,Night Game,8900,417199.0,46.88,3313,106366.0,32.11,2385,57001.0,23.9,6357,101148.0,15.91,0.1856,20955,17066,681714.0,32.53,False
76,2023-09-18,2023,September,Monday,Weekday,19:10:00,Night Game,8867,423923.0,47.81,3407,106122.0,31.15,2333,53177.0,22.79,6756,95481.0,14.13,0.1831,21363,17451,678703.0,31.77,False
77,2023-09-19,2023,September,Tuesday,Weekday,19:10:00,Night Game,8659,407502.0,47.06,3185,109037.0,34.23,2373,54404.0,22.93,6633,100841.0,15.2,0.1824,20850,17047,671784.0,32.22,False
78,2023-09-20,2023,September,Wednesday,Weekday,13:10:00,Day Game,8499,424941.0,50.0,2409,75514.0,31.35,6658,170992.0,25.68,5959,151790.0,25.47,0.1698,23525,19530,823237.0,34.99,False
79,2023-09-22,2023,September,Friday,Weekend,19:10:00,Night Game,8841,446221.0,50.47,4675,192562.0,41.19,7101,273603.0,38.53,9886,463276.0,46.86,0.1571,30503,25711,1375662.0,45.1,False
80,2023-09-23,2023,September,Saturday,Weekend,18:10:00,Night Game,8811,416188.0,47.24,4820,200808.0,41.66,7123,279110.0,39.18,10680,454316.0,42.54,0.1544,31434,26581,1350422.0,42.96,False
81,2023-09-24,2023,September,Sunday,Weekend,13:10:00,Day Game,8782,458569.0,52.22,4798,191458.0,39.9,7423,262554.0,35.37,10770,447925.0,41.59,0.1534,31773,26899,1360506.0,42.82,False
